Workbook

Sheet DOCUMENTO INTERNO
C1: SISTEMA INTEGRADO DE GESTIÓN | Q1: SIG-FO-001
C2: LISTA MAESTRA DE DOCUMENTOS | Q2: VERSIÓN: 00
A4: N° DE REGISTRO | C4: 1
A5: DATOS DEL EMPLEADOR
A6: RAZÓN SOCIAL O DENOMINACIÓN SOCIAL | E6: RUC | I6: DOMICILIO | N6: ACTIVIDAD ECONÓMICA | Q6: N° TRABAJ. CENTRO LABORAL
A8: SEDE/PROYECTO
A9: PERÍODO | J9: FECHA DE ACTUALIZACIÓN
A11: N° | B11: NOMBRE DE DOCUMENTO | E11: SISTEMA | F11: TIPO DE DOCUMENTO | G11: NUMERACIÓN | H11: N° VERSIÓN | I11: ESTADO | J11: FECHA DE APROBACIÓN | K11: PROCESO | L11: DUEÑO DEL PROCESO | M11: ACCESO | N11: TIPO DE REGISTRO (FÍSICO, ELECTRÓNICO) | O11: ALMACENAMIENTO | P11: DISPOSICIÓN | Q11: CONSERVACIÓN | R11: CRITERIO
A12: 1 | B12: ORGANIGRAMA | E12: GSI | F12: DI | G12: 001 | H12: 00 | I12: =_xlfn.CONCAT(B12," ",E12,"-",F12,"-",G12," Ver. ",H12," de fecha 7/07/2025") -> ORGANIGRAMA GSI-DI-001 Ver. 00 de fecha 7/07/2025 | K12: SIG | L12: JEFE SIG | M12: (NOMBRE DE LA EMPRESA)\1. SIG\1. CONTEXTO Y LIDERAZGO | N12: FÍSICO Y/O ELECTRÓNICO | O12: Carpeta compartida drive | P12: Todas las sedes | Q12: 3 AÑOS | R12: ISO 14001:2015 , ISO 45001:2018 , ISO 37001:2016 , ISO 9001:2015
A13: 2 | B13: FODA | E13: GSI | F13: DI | G13: 002 | H13: 00 | I13: =_xlfn.CONCAT(B13," ",E13,"-",F13,"-",G13," Ver. ",H13," de fecha 7/07/2025") -> FODA GSI-DI-002 Ver. 00 de fecha 7/07/2025 | K13: SIG | L13: JEFE SIG | M13: (NOMBRE DE LA EMPRESA)\1. SIG\1. CONTEXTO Y LIDERAZGO | N13: FÍSICO Y/O ELECTRÓNICO | O13: Carpeta compartida drive | P13: Todas las sedes | Q13: 3 AÑOS | R13: ISO 14001:2015 , ISO 45001:2018 , ISO 37001:2016 , ISO 9001:2015
A14: 3 | B14: CONTEXTO DE LA ORGANIZACIÓN | E14: GSI | F14: DI | G14: 003 | H14: 00 | I14: =_xlfn.CONCAT(B14," ",E14,"-",F14,"-",G14," Ver. ",H14," de fecha 7/07/2025") -> CONTEXTO DE LA ORGANIZACIÓN GSI-DI-003 Ver. 00 de fecha 7/07/2025 | K14: SIG | L14: JEFE SIG | M14: (NOMBRE DE LA EMPRESA)\1. SIG\1. CONTEXTO Y LIDERAZGO | N14: FÍSICO Y/O ELECTRÓNICO | O14: Carpeta compartida drive | P14: Todas las sedes | Q14: 3 AÑOS | R14: ISO 14001:2015 , ISO 45001:2018 , ISO 37001:2016 , ISO 9001:2015
A15: 4 | B15: MISION, VISIÓN Y VALORES | E15: GSI | F15: DI | G15: 004 | H15: 00 | I15: =_xlfn.CONCAT(B15," ",E15,"-",F15,"-",G15," Ver. ",H15," de fecha 7/07/2025") -> MISION, VISIÓN Y VALORES GSI-DI-004 Ver. 00 de fecha 7/07/2025 | K15: SIG | L15: JEFE SIG | M15: (NOMBRE DE LA EMPRESA)\1. SIG\1. CONTEXTO Y LIDERAZGO | N15: FÍSICO Y/O ELECTRÓNICO | O15: Carpeta compartida drive | P15: Todas las sedes | Q15: 3 AÑOS | R15: ISO 14001:2015 , ISO 45001:2018 , ISO 37001:2016 , ISO 9001:2015
A16: 5 | B16: POLÍTICA DE SISTEMA INTEGRADO DE GESTIÓN | E16: GSI | F16: DI | G16: 005 | H16: 00 | I16: =_xlfn.CONCAT(B16," ",E16,"-",F16,"-",G16," Ver. ",H16," de fecha 7/07/2025") -> POLÍTICA DE SISTEMA INTEGRADO DE GESTIÓN GSI-DI-005 Ver. 00 de fecha 7/07/2025 | K16: SIG | L16: JEFE SIG | M16: (NOMBRE DE LA EMPRESA)\1. SIG\1. CONTEXTO Y LIDERAZGO | N16: FÍSICO Y/O ELECTRÓNICO | O16: Carpeta compartida drive | P16: Todas las sedes | Q16: 3 AÑOS | R16: ISO 14001:2015 , ISO 45001:2018 , ISO 37001:2016 , ISO 9001:2015
A17: 6 | B17: ALCANCE Y APLICABILIDAD | E17: GSI | F17: DI | G17: 006 | H17: 00 | I17: =_xlfn.CONCAT(B17," ",E17,"-",F17,"-",G17," Ver. ",H17," de fecha 7/07/2025") -> ALCANCE Y APLICABILIDAD GSI-DI-006 Ver. 00 de fecha 7/07/2025 | K17: SIG | L17: JEFE SIG | M17: (NOMBRE DE LA EMPRESA)\1. SIG\1. CONTEXTO Y LIDERAZGO | N17: FÍSICO Y/O ELECTRÓNICO | O17: Carpeta compartida drive | P17: Todas las sedes | Q17: 3 AÑOS | R17: ISO 14001:2015 , ISO 45001:2018 , ISO 37001:2016 , ISO 9001:2015
A18: 7 | B18: FICHA DE PROCESO | E18: GSI | F18: DI | G18: 007 | H18: 00 | I18: =_xlfn.CONCAT(B18," ",E18,"-",F18,"-",G18," Ver. ",H18," de fecha 7/07/2025") -> FICHA DE PROCESO GSI-DI-007 Ver. 00 de fecha 7/07/2025 | K18: SIG | L18: JEFE SIG | M18: (NOMBRE DE LA EMPRESA)\1. SIG\1. CONTEXTO Y LIDERAZGO | N18: FÍSICO Y/O ELECTRÓNICO | O18: Carpeta compartida drive | P18: Todas las sedes | Q18: 3 AÑOS | R18: ISO 14001:2015 , ISO 45001:2018 , ISO 37001:2016 , ISO 9001:2015
A19: 8 | B19: MAPA DE PROCESOS | E19: GSI | F19: DI | G19: 008 | H19: 00 | I19: =_xlfn.CONCAT(B19," ",E19,"-",F19,"-",G19," Ver. ",H19," de fecha 7/07/2025") -> MAPA DE PROCESOS GSI-DI-008 Ver. 00 de fecha 7/07/2025 | K19: SIG | L19: JEFE SIG | M19: (NOMBRE DE LA EMPRESA)\1. SIG\1. CONTEXTO Y LIDERAZGO | N19: FÍSICO Y/O ELECTRÓNICO | O19: Carpeta compartida drive | P19: Todas las sedes | Q19: 3 AÑOS | R19: ISO 14001:2015 , ISO 45001:2018 , ISO 37001:2016 , ISO 9001:2015
A20: 9 | B20: PLAN DE RESPUESTA ANTE EMERGENCIAS OFICINA | E20: GSI | F20: DI | G20: 009 | H20: 00 | I20: =_xlfn.CONCAT(B20," ",E20,"-",F20,"-",G20," Ver. ",H20," de fecha 7/07/2025") -> PLAN DE RESPUESTA ANTE EMERGENCIAS OFICINA GSI-DI-009 Ver. 00 de fecha 7/07/2025 | K20: SEGURIDAD Y SALUD EN EL TRABAJO | L20: SSOMA | M20: (NOMBRE DE LA EMPRESA)\1. SIG\1. CONTEXTO Y LIDERAZGO | N20: FÍSICO Y/O ELECTRÓNICO | O20: Carpeta compartida drive | P20: Todas las sedes | Q20: 3 AÑOS | R20: ISO 14001:2015 , ISO 45001:2018 , ISO 37001:2016 , ISO 9001:2015
A21: 10 | B21: PLAN DE RESPUESTA ANTE EMERGENCIAS OBRA | E21: GSI | F21: DI | G21: 010 | H21: 00 | I21: =_xlfn.CONCAT(B21," ",E21,"-",F21,"-",G21," Ver. ",H21," de fecha 7/07/2025") -> PLAN DE RESPUESTA ANTE EMERGENCIAS OBRA GSI-DI-010 Ver. 00 de fecha 7/07/2025 | K21: SEGURIDAD Y SALUD EN EL TRABAJO | L21: SSOMA | M21: (NOMBRE DE LA EMPRESA)\1. SIG\1. CONTEXTO Y LIDERAZGO | N21: FÍSICO Y/O ELECTRÓNICO | O21: Carpeta compartida drive | P21: Todas las sedes | Q21: 3 AÑOS | R21: ISO 14001:2015 , ISO 45001:2018 , ISO 37001:2016 , ISO 9001:2015
A22: 11 | B22: PLAN DE RESPUESTA ANTE EMERGENCIAS OBRA | E22: GSI | F22: DI | G22: 010 | H22: 00 | I22: =_xlfn.CONCAT(B22," ",E22,"-",F22,"-",G22," Ver. ",H22," de fecha 7/07/2025") -> PLAN DE RESPUESTA ANTE EMERGENCIAS OBRA GSI-DI-010 Ver. 00 de fecha 7/07/2025 | K22: SEGURIDAD Y SALUD EN EL TRABAJO | L22: SSOMA | M22: (NOMBRE DE LA EMPRESA)\1. SIG\1. CONTEXTO Y LIDERAZGO | N22: FÍSICO Y/O ELECTRÓNICO | O22: Carpeta compartida drive | P22: Todas las sedes | Q22: 3 AÑOS | R22: ISO 14001:2015 , ISO 45001:2018 , ISO 37001:2016 , ISO 9001:2015
A23: 12 | B23: CÓDIGO DE ÉTICA Y DE RESPONSABILIDAD SOCIAL | E23: GSI | F23: DI | G23: 011 | H23: 00 | I23: =_xlfn.CONCAT(B23," ",E23,"-",F23,"-",G23," Ver. ",H23," de fecha 7/07/2025") -> CÓDIGO DE ÉTICA Y DE RESPONSABILIDAD SOCIAL GSI-DI-011 Ver. 00 de fecha 7/07/2025 | K23: SEGURIDAD Y SALUD EN EL TRABAJO | L23: SSOMA | M23: (NOMBRE DE LA EMPRESA)\1. SIG\1. CONTEXTO Y LIDERAZGO | N23: FÍSICO Y/O ELECTRÓNICO | O23: Carpeta compartida drive | P23: Todas las sedes | Q23: 3 AÑOS | R23: ISO 14001:2015 , ISO 45001:2018 , ISO 37001:2016 , ISO 9001:2015
... A34: 23 | B34: INSTRUCTIVO DE DEBIDA DILIGENCIA | E34: GSI | F34: DI | G34: 003 | H34: 00 | I34: =_xlfn.CONCAT(B34," ",E34,"-",F34,"-",G34," Ver. ",H34," de fecha 7/07/2025") -> INSTRUCTIVO DE DEBIDA DILIGENCIA GSI-DI-003 Ver. 00 de fecha 7/07/2025 | K34: SGAS | L34: FUNCIÓN DE CUMPLIMIENTO | M34: (NOMBRE DE LA EMPRESA)\1. SIG\1. CONTEXTO Y LIDERAZGO | N34: FÍSICO Y/O ELECTRÓNICO | O34: Carpeta compartida drive | P34: Todas las sedes | Q34: 3 AÑOS | R34: ISO 14001:2015 , ISO 45001:2018 , ISO 37001:2016 , ISO 9001:2015
A38: RESPONSABLE DE LA APROBACIÓN
A39: NOMBRES Y APELLIDOS
A40: CARGO
A41: FECHA
A42: FIRMA

Sheet FORMATOS
C1: SISTEMA INTEGRADO DE GESTIÓN | Q1: SIG-FO-001
C2: LISTA MAESTRA DE DOCUMENTOS | Q2: VERSIÓN: 00
A4: N° DE REGISTRO | C4: 1
A5: DATOS DEL EMPLEADOR
A6: RAZÓN SOCIAL O DENOMINACIÓN SOCIAL | E6: RUC | I6: DOMICILIO | N6: ACTIVIDAD ECONÓMICA | Q6: N° TRABAJ. CENTRO LABORAL
A7: ='DOCUMENTO INTERNO'!A7:D7 -> 0 | E7: ='DOCUMENTO INTERNO'!E7:H7 -> 0 | I7: ='DOCUMENTO INTERNO'!I7:M7 -> 0 | N7: ='DOCUMENTO INTERNO'!N7:P7 -> 0
A8: SEDE/PROYECTO
A9: PERÍODO | J9: FECHA DE ACTUALIZACIÓN
A11: N° | B11: NOMBRE DE DOCUMENTO | E11: SISTEMA | F11: TIPO DE DOCUMENTO | G11: NUMERACIÓN | H11: N° VERSIÓN | I11: ESTADO | J11: FECHA DE APROBACIÓN | K11: PROCESO | L11: DUEÑO DEL PROCESO | M11: ACCESO | N11: TIPO DE REGISTRO (FÍSICO, ELECTRÓNICO) | O11: ALMACENAMIENTO | P11: DISPOSICIÓN | Q11: CONSERVACIÓN | R11: CRITERIO
A12: 1 | B12: LISTA MAESTRA DE DOCUMENTOS | E12: GSI | F12: FO | G12: 001 | H12: 00 | I12: =_xlfn.CONCAT(B12," ",E12,"-",F12,"-",G12," Ver. ",H12," de fecha 7/07/2025") -> LISTA MAESTRA DE DOCUMENTOS GSI-FO-001 Ver. 00 de fecha 7/07/2025 | K12: SIG | L12: JEFE SIG | M12: (NOMBRE DE LA EMPRESA)\1. SIG\2. CONTROL DE DOCUMENTOS | N12: FÍSICO Y/O ELECTRÓNICO | O12: Carpeta compartida drive y/o archivador del proceso | P12: Todas las sedes | Q12: 3 AÑOS | R12: ISO 14001:2015 , ISO 45001:2018 , ISO 37001:2016 , ISO 9001:2015
A13: 2 | B13: PROGRAMA ANUAL DE AUDITORÍAS | E13: GSI | F13: FO | G13: 002 | H13: 00 | I13: =_xlfn.CONCAT(B13," ",E13,"-",F13,"-",G13," Ver. ",H13," de fecha 7/07/2025") -> PROGRAMA ANUAL DE AUDITORÍAS GSI-FO-002 Ver. 00 de fecha 7/07/2025 | K13: SIG | L13: JEFE SIG | M13: (NOMBRE DE LA EMPRESA)\1. SIG\2. AUDITORIA INTERNA | N13: FÍSICO Y/O ELECTRÓNICO | O13: Carpeta compartida drive y/o archivador del proceso | P13: Todas las sedes | Q13: 3 AÑOS | R13: ISO 14001:2015 , ISO 45001:2018 , ISO 37001:2016 , ISO 9001:2015
A14: 3 | B14: PLAN DE AUDITORÍA | E14: GSI | F14: FO | G14: 003 | H14: 00 | I14: =_xlfn.CONCAT(B14," ",E14,"-",F14,"-",G14," Ver. ",H14," de fecha 7/07/2025") -> PLAN DE AUDITORÍA GSI-FO-003 Ver. 00 de fecha 7/07/2025 | K14: SIG | L14: JEFE SIG | M14: (NOMBRE DE LA EMPRESA)\1. SIG\2. AUDITORIA INTERNA | N14: FÍSICO Y/O ELECTRÓNICO | O14: Carpeta compartida drive y/o archivador del proceso | P14: Todas las sedes | Q14: 3 AÑOS | R14: ISO 14001:2015 , ISO 45001:2018 , ISO 37001:2016 , ISO 9001:2015
A15: 4 | B15: INFORME DE AUDITORÍA | E15: GSI | F15: FO | G15: 004 | H15: 00 | I15: =_xlfn.CONCAT(B15," ",E15,"-",F15,"-",G15," Ver. ",H15," de fecha 7/07/2025") -> INFORME DE AUDITORÍA GSI-FO-004 Ver. 00 de fecha 7/07/2025 | K15: SIG | L15: JEFE SIG | M15: (NOMBRE DE LA EMPRESA)\1. SIG\2. AUDITORIA INTERNA | N15: FÍSICO Y/O ELECTRÓNICO | O15: Carpeta compartida drive y/o archivador del proceso | P15: Todas las sedes | Q15: 3 AÑOS | R15: ISO 14001:2015 , ISO 45001:2018 , ISO 37001:2016 , ISO 9001:2015
A16: 5 | B16: REGISTRO DE AUDITORÍAS | E16: GSI | F16: FO | G16: 005 | H16: 00 | I16: =_xlfn.CONCAT(B16," ",E16,"-",F16,"-",G16," Ver. ",H16," de fecha 7/07/2025") -> REGISTRO DE AUDITORÍAS GSI-FO-005 Ver. 00 de fecha 7/07/2025 | K16: SIG | L16: JEFE SIG | M16: (NOMBRE DE LA EMPRESA)\1. SIG\2. AUDITORIA INTERNA | N16: FÍSICO Y/O ELECTRÓNICO | O16: Carpeta compartida drive y/o archivador del proceso | P16: Todas las sedes | Q16: 3 AÑOS | R16: ISO 14001:2015 , ISO 45001:2018 , ISO 37001:2016 , ISO 9001:2015
A17: 6 | B17: SOLICITUD Y SEGUIMIENTO DE ACCIÓN CORRECTIVA | E17: GSI | F17: FO | G17: 006 | H17: 00 | I17: =_xlfn.CONCAT(B17," ",E17,"-",F17,"-",G17," Ver. ",H17," de fecha 7/07/2025") -> SOLICITUD Y SEGUIMIENTO DE ACCIÓN CORRECTIVA GSI-FO-006 Ver. 00 de fecha 7/07/2025 | K17: SIG | L17: JEFE SIG | M17: (NOMBRE DE LA EMPRESA)\1. SIG\3. ACCIONES CORRECTIVAS | N17: FÍSICO Y/O ELECTRÓNICO | O17: Carpeta compartida drive y/o archivador del proceso | P17: Todas las sedes | Q17: 3 AÑOS | R17: ISO 14001:2015 , ISO 45001:2018 , ISO 37001:2016 , ISO 9001:2015
A18: 7 | B18: ACTA DE REVISIÓN POR LA DIRECCIÓN | E18: GSI | F18: FO | G18: 007 | H18: 00 | I18: =_xlfn.CONCAT(B18," ",E18,"-",F18,"-",G18," Ver. ",H18," de fecha 7/07/2025") -> ACTA DE REVISIÓN POR LA DIRECCIÓN GSI-FO-007 Ver. 00 de fecha 7/07/2025 | K18: SIG | L18: JEFE SIG | M18: (NOMBRE DE LA EMPRESA)\1. SIG\4. REVISION POR LA DIRECCION | N18: FÍSICO Y/O ELECTRÓNICO | O18: Carpeta compartida drive y/o archivador del proceso | P18: Todas las sedes | Q18: 3 AÑOS | R18: ISO 14001:2015 , ISO 45001:2018 , ISO 37001:2016 , ISO 9001:2015
A19: 8 | B19: DECLARACIÓN JURADA DE CUMPLIMIENTO DE LA POLÍTICA SIG | E19: GSI | F19: FO | G19: 008 | H19: 00 | I19: =_xlfn.CONCAT(B19," ",E19,"-",F19,"-",G19," Ver. ",H19," de fecha 7/07/2025") -> DECLARACIÓN JURADA DE CUMPLIMIENTO DE LA POLÍTICA SIG GSI-FO-008 Ver. 00 de fecha 7/07/2025 | K19: RRHH | L19: JEFE RRHH | M19: (NOMBRE DE LA EMPRESA)\1. SIG\RECURSOS HUMANOS | N19: FÍSICO Y/O ELECTRÓNICO | O19: Carpeta compartida drive y/o archivador del proceso | P19: Todas las sedes | Q19: 3 AÑOS | R19: ISO 14001:2015 , ISO 45001:2018 , ISO 37001:2016 , ISO 9001:2015
A20: 9 | B20: DECLARACIÓN JURADA DE AUTORIZACIÓN DE FIRMA ELECTRÓNICA | E20: GSI | F20: FO | G20: 009 | H20: 00 | I20: =_xlfn.CONCAT(B20," ",E20,"-",F20,"-",G20," Ver. ",H20," de fecha 7/07/2025") -> DECLARACIÓN JURADA DE AUTORIZACIÓN DE FIRMA ELECTRÓNICA GSI-FO-009 Ver. 00 de fecha 7/07/2025 | K20: RRHH | L20: JEFE RRHH | M20: (NOMBRE DE LA EMPRESA)\1. SIG\RECURSOS HUMANOS | N20: FÍSICO Y/O ELECTRÓNICO | O20: Carpeta compartida drive y/o archivador del proceso | P20: Todas las sedes | Q20: 3 AÑOS | R20: ISO 14001:2015 , ISO 45001:2018 , ISO 37001:2016 , ISO 9001:2015
A21: 10 | B21: DECLARACIÓN JURADA DE NO TENER ANTECEDENTES POLICIALES, JUDICIALES NI PENALES | E21: GSI | F21: FO | G21: 010 | H21: 00 | I21: =_xlfn.CONCAT(B21," ",E21,"-",F21,"-",G21," Ver. ",H21," de fecha 7/07/2025") -> DECLARACIÓN JURADA DE NO TENER ANTECEDENTES POLICIALES, JUDICIALES NI PENALES GSI-FO-010 Ver. 00 de fecha 7/07/2025 | K21: RRHH | L21: JEFE RRHH | M21: (NOMBRE DE LA EMPRESA)\1. SIG\RECURSOS HUMANOS | N21: FÍSICO Y/O ELECTRÓNICO | O21: Carpeta compartida drive y/o archivador del proceso | P21: Todas las sedes | Q21: 3 AÑOS | R21: ISO 14001:2015 , ISO 45001:2018 , ISO 37001:2016 , ISO 9001:2015
A22: 11 | B22: DECLARACIÓN JURADA DE DOMICILIO | E22: GSI | F22: FO | G22: 011 | H22: 00 | I22: =_xlfn.CONCAT(B22," ",E22,"-",F22,"-",G22," Ver. ",H22," de fecha 7/07/2025") -> DECLARACIÓN JURADA DE DOMICILIO GSI-FO-011 Ver. 00 de fecha 7/07/2025 | K22: RRHH | L22: JEFE RRHH | M22: (NOMBRE DE LA EMPRESA)\1. SIG\RECURSOS HUMANOS | N22: FÍSICO Y/O ELECTRÓNICO | O22: Carpeta compartida drive y/o archivador del proceso | P22: Todas las sedes | Q22: 3 AÑOS | R22: ISO 14001:2015 , ISO 45001:2018 , ISO 37001:2016 , ISO 9001:2015
A23: 12 | B23: PERFIL DE PUESTO | E23: GSI | F23: FO | G23: 012 | H23: 00 | I23: =_xlfn.CONCAT(B23," ",E23,"-",F23,"-",G23," Ver. ",H23," de fecha 7/07/2025") -> PERFIL DE PUESTO GSI-FO-012 Ver. 00 de fecha 7/07/2025 | K23: RRHH | L23: JEFE RRHH | M23: (NOMBRE DE LA EMPRESA)\1. SIG\RECURSOS HUMANOS | N23: FÍSICO Y/O ELECTRÓNICO | O23: Carpeta compartida drive y/o archivador del proceso | P23: Todas las sedes | Q23: 3 AÑOS | R23: ISO 14001:2015 , ISO 45001:2018 , ISO 37001:2016 , ISO 9001:2015
... A153: 152 | B153: DECLARACIÓN JURADA DE VERACIDAD DE INFORMACIÓN Y DOCUMENTACIÓN DE CURRICULUM VITAE | E153: GSI | F153: FO | G153: 005 | H153: 00 | I153: =_xlfn.CONCAT(B153," ",E153,"-",F153,"-",G153," Ver. ",H153," de fecha 7/07/2025") -> DECLARACIÓN JURADA DE VERACIDAD DE INFORMACIÓN Y DOCUMENTACIÓN DE CURRICULUM VITAE GSI-FO-005 Ver. 00 de fecha 7/07/2025 | K153: SIG | L153: JEFE SIG | M153: (NOMBRE DE LA EMPRESA)\1. SIG\ANTISOBORNO | N153: FÍSICO Y/O ELECTRÓNICO | O153: Carpeta compartida drive y/o archivador del proceso | P153: Todas las sedes | Q153: 4 AÑOS | R153: ISO 14001:2015 , ISO 45001:2018 , ISO 37001:2016 , ISO 9001:2016
A159: RESPONSABLE DE LA APROBACIÓN
A160: NOMBRES Y APELLIDOS
A161: CARGO
A162: FECHA
A163: FIRMA

Sheet MATRICES
C1: SISTEMA INTEGRADO DE GESTIÓN | Q1: SIG-FO-001
C2: LISTA MAESTRA DE DOCUMENTOS | Q2: VERSIÓN: 00
A4: N° DE REGISTRO | C4: 1
A5: DATOS DEL EMPLEADOR
A6: RAZÓN SOCIAL O DENOMINACIÓN SOCIAL | E6: RUC | I6: DOMICILIO | N6: ACTIVIDAD ECONÓMICA | Q6: N° TRABAJ. CENTRO LABORAL
A7: ='DOCUMENTO INTERNO'!A7:D7 -> 0 | E7: ='DOCUMENTO INTERNO'!E7:H7 -> 0 | I7: ='DOCUMENTO INTERNO'!I7:M7 -> 0 | N7: ='DOCUMENTO INTERNO'!N7:P7 -> 0
A8: SEDE/PROYECTO
A9: PERÍODO | J9: FECHA DE ACTUALIZACIÓN
A11: N° | B11: NOMBRE DE DOCUMENTO | E11: SISTEMA | F11: TIPO DE DOCUMENTO | G11: NUMERACIÓN | H11: N° VERSIÓN | I11: ESTADO | J11: FECHA DE APROBACIÓN | K11: PROCESO | L11: DUEÑO DEL PROCESO | M11: ACCESO | N11: TIPO DE REGISTRO (FÍSICO, ELECTRÓNICO) | O11: ALMACENAMIENTO | P11: DISPOSICIÓN | Q11: CONSERVACIÓN | R11: CRITERIO
A12: 1 | B12: MATRIZ DE PARTES INTERESADAS | E12: GSI | F12: MZ | G12: 001 | H12: 00 | I12: =_xlfn.CONCAT(B12," ",E12,"-",F12,"-",G12," Ver. ",H12," de fecha 7/07/2025") -> MATRIZ DE PARTES INTERESADAS GSI-MZ-001 Ver. 00 de fecha 7/07/2025 | K12: DIRECCIÓN ESTRATÉGICA | L12: JEFE SIG | M12: (NOMBRE DE LA EMPRESA)\MATRICES | N12: FÍSICO Y/O ELECTRÓNICO | O12: Carpeta compartida drive y/o archivador del proceso | P12: Todas las sedes | Q12: 3 AÑOS | R12: ISO 14001:2015 , ISO 45001:2018 , ISO 37001:2016 , ISO 9001:2015
A13: 2 | B13: MATRIZ DE RIESGOS Y OPORTUNIDADES | E13: GSI | F13: MZ | G13: 002 | H13: 00 | I13: =_xlfn.CONCAT(B13," ",E13,"-",F13,"-",G13," Ver. ",H13," de fecha 7/07/2025") -> MATRIZ DE RIESGOS Y OPORTUNIDADES GSI-MZ-002 Ver. 00 de fecha 7/07/2025 | K13: DIRECCIÓN ESTRATÉGICA | L13: JEFE SIG | M13: (NOMBRE DE LA EMPRESA)\MATRICES | N13: FÍSICO Y/O ELECTRÓNICO | O13: Carpeta compartida drive y/o archivador del proceso | P13: Todas las sedes | Q13: 3 AÑOS | R13: ISO 14001:2015 , ISO 45001:2018 , ISO 37001:2016 , ISO 9001:2015
A14: 3 | B14: MATRIZ DE COMUNICACIONES | E14: GSI | F14: MZ | G14: 003 | H14: 00 | I14: =_xlfn.CONCAT(B14," ",E14,"-",F14,"-",G14," Ver. ",H14," de fecha 7/07/2025") -> MATRIZ DE COMUNICACIONES GSI-MZ-003 Ver. 00 de fecha 7/07/2025 | K14: DIRECCIÓN ESTRATÉGICA | L14: JEFE SIG | M14: (NOMBRE DE LA EMPRESA)\MATRICES | N14: FÍSICO Y/O ELECTRÓNICO | O14: Carpeta compartida drive y/o archivador del proceso | P14: Todas las sedes | Q14: 3 AÑOS | R14: ISO 14001:2015 , ISO 45001:2018 , ISO 37001:2016 , ISO 9001:2015
A15: 4 | B15: MATRIZ DE REQUISITOS LEGALES | E15: GSI | F15: MZ | G15: 004 | H15: 00 | I15: =_xlfn.CONCAT(B15," ",E15,"-",F15,"-",G15," Ver. ",H15," de fecha 7/07/2025") -> MATRIZ DE REQUISITOS LEGALES GSI-MZ-004 Ver. 00 de fecha 7/07/2025 | K15: DIRECCIÓN ESTRATÉGICA | L15: JEFE SIG | M15: (NOMBRE DE LA EMPRESA)\5. Gestión Seguridad y Salud | N15: FÍSICO Y/O ELECTRÓNICO | O15: Carpeta compartida drive y/o archivador del proceso | P15: Todas las sedes | Q15: 3 AÑOS | R15: ISO 14001:2015 , ISO 45001:2018 , ISO 37001:2016 , ISO 9001:2015
A16: 5 | B16: REGISTRO ANUAL DE OBJETIVOS E INDICADORES DEL SIG | E16: GSI | F16: MZ | G16: 017 | H16: 00 | I16: =_xlfn.CONCAT(B16," ",E16,"-",F16,"-",G16," Ver. ",H16," de fecha 7/07/2025") -> REGISTRO ANUAL DE OBJETIVOS E INDICADORES DEL SIG GSI-MZ-017 Ver. 00 de fecha 7/07/2025 | K16: DIRECCIÓN ESTRATÉGICA | L16: JEFE SIG | M16: (NOMBRE DE LA EMPRESA)\5. Gestión Seguridad y Salud | N16: FÍSICO Y/O ELECTRÓNICO | O16: Carpeta compartida drive y/o archivador del proceso | P16: Todas las sedes | Q16: 4 AÑOS | R16: ISO 14001:2015 , ISO 45001:2018 , ISO 37001:2016 , ISO 9001:2016
A17: 6 | B17: MATRIZ DE IDENTIFICACIÓN DE PELIGROS, EVALUACIÓN DE RIESGOS Y DETERMINACIÓN DE CONTROLES | E17: GSI | F17: MZ | G17: 001 | H17: 00 | I17: =_xlfn.CONCAT(B17," ",E17,"-",F17,"-",G17," Ver. ",H17," de fecha 7/07/2025") -> MATRIZ DE IDENTIFICACIÓN DE PELIGROS, EVALUACIÓN DE RIESGOS Y DETERMINACIÓN DE CONTROLES GSI-MZ-001 Ver. 00 de fecha 7/07/2025 | K17: SEGURIDAD Y SALUD EN EL TRABAJO | L17: SSOMA | M17: (NOMBRE DE LA EMPRESA)\5. Gestión Seguridad y Salud | N17: FÍSICO Y/O ELECTRÓNICO | O17: Carpeta compartida drive y/o archivador del proceso | P17: Todas las sedes | Q17: 3 AÑOS | R17: ISO 14001:2015 , ISO 45001:2018 , ISO 37001:2016 , ISO 9001:2015
A18: 7 | B18: MATRIZ DE IDENTIFICACIÓN DE ASPECTOS Y EVALUACIÓN DE IMPACTOS AMBIENTALES | E18: GSI | F18: MZ | G18: 001 | H18: 00 | I18: =_xlfn.CONCAT(B18," ",E18,"-",F18,"-",G18," Ver. ",H18," de fecha 7/07/2025") -> MATRIZ DE IDENTIFICACIÓN DE ASPECTOS Y EVALUACIÓN DE IMPACTOS AMBIENTALES GSI-MZ-001 Ver. 00 de fecha 7/07/2025 | K18: SEGURIDAD Y SALUD EN EL TRABAJO | L18: SSOMA | M18: (NOMBRE DE LA EMPRESA)\4. Gestion Ambiental | N18: FÍSICO Y/O ELECTRÓNICO | O18: Carpeta compartida drive y/o archivador del proceso | P18: Todas las sedes | Q18: 3 AÑOS | R18: ISO 14001:2015 , ISO 45001:2018 , ISO 37001:2016 , ISO 9001:2015
A21: RESPONSABLE DE LA APROBACIÓN
A22: NOMBRES Y APELLIDOS
A23: CARGO
A24: FECHA
A25: FIRMA

Sheet PETS
C1: SISTEMA INTEGRADO DE GESTIÓN | Q1: SIG-FO-001
C2: LISTA MAESTRA DE DOCUMENTOS | Q2: VERSIÓN: 00
A4: N° DE REGISTRO | C4: 1
A5: DATOS DEL EMPLEADOR
A6: RAZÓN SOCIAL O DENOMINACIÓN SOCIAL | E6: RUC | I6: DOMICILIO | N6: ACTIVIDAD ECONÓMICA | Q6: N° TRABAJ. CENTRO LABORAL
A7: ='DOCUMENTO INTERNO'!A7:D7 -> 0 | E7: ='DOCUMENTO INTERNO'!E7:H7 -> 0 | I7: ='DOCUMENTO INTERNO'!I7:M7 -> 0 | N7: ='DOCUMENTO INTERNO'!N7:P7 -> 0
A8: SEDE/PROYECTO
A9: PERÍODO | J9: FECHA DE ACTUALIZACIÓN
A11: N° | B11: NOMBRE DE DOCUMENTO | E11: SISTEMA | F11: TIPO DE DOCUMENTO | G11: NUMERACIÓN | H11: N° VERSIÓN | I11: ESTADO | J11: FECHA DE APROBACIÓN | K11: PROCESO | L11: ACCESO | M11: DUEÑO DEL PROCESO | N11: TIPO DE REGISTRO (FÍSICO, ELECTRÓNICO) | O11: ALMACENAMIENTO | P11: DISPOSICIÓN | Q11: CONSERVACIÓN | R11: CRITERIO
A12: 1 | B12: PROCEDIMIENTO ESCRITO DE TRABAJO SEGURO PARA TRABAJO EN IZAJE | E12: GSI | F12: PETS | G12: 001 | H12: 00 | I12: APROBADO | K12: SEGURIDAD Y SALUD EN EL TRABAJO | L12: (NOMBRE DE LA EMPRESA)\5. Gestión Seguridad y Salud | M12: SSOMA | N12: FÍSICO Y/O ELECTRÓNICO | O12: Carpeta compartida drive y/o archivador del proceso | P12: Todas las sedes | Q12: 3 AÑOS | R12: ISO 14001:2015 , ISO 45001:2018 , ISO 37001:2016 , ISO 9001:2015
A13: 2 | B13: PROCEDIMIENTO ESCRITO DE TRABAJO SEGURO PARA TRABAJO EN ALTURA | E13: GSI | F13: PETS | G13: 002 | H13: 00 | I13: APROBADO | K13: SEGURIDAD Y SALUD EN EL TRABAJO | L13: (NOMBRE DE LA EMPRESA)\5. Gestión Seguridad y Salud | M13: SSOMA | N13: FÍSICO Y/O ELECTRÓNICO | O13: Carpeta compartida drive y/o archivador del proceso | P13: Todas las sedes | Q13: 3 AÑOS | R13: ISO 14001:2015 , ISO 45001:2018 , ISO 37001:2016 , ISO 9001:2015
A14: 3 | B14: PROCEDIMIENTO ESCRITO DE TRABAJO SEGURO PARA TRABAJO EN ELECTRICO | E14: GSI | F14: PETS | G14: 003 | H14: 00 | I14: APROBADO | K14: SEGURIDAD Y SALUD EN EL TRABAJO | L14: (NOMBRE DE LA EMPRESA)\5. Gestión Seguridad y Salud | M14: SSOMA | N14: FÍSICO Y/O ELECTRÓNICO | O14: Carpeta compartida drive y/o archivador del proceso | P14: Todas las sedes | Q14: 3 AÑOS | R14: ISO 14001:2015 , ISO 45001:2018 , ISO 37001:2016 , ISO 9001:2015
A15: 4 | B15: PROCEDIMIENTO ESCRITO DE TRABAJO SEGURO PARA TRABAJO EN DEMOLICIPON-EXCAVACIÓN | E15: GSI | F15: PETS | G15: 004 | H15: 00 | I15: APROBADO | K15: SEGURIDAD Y SALUD EN EL TRABAJO | L15: (NOMBRE DE LA EMPRESA)\5. Gestión Seguridad y Salud | M15: SSOMA | N15: FÍSICO Y/O ELECTRÓNICO | O15: Carpeta compartida drive y/o archivador del proceso | P15: Todas las sedes | Q15: 3 AÑOS | R15: ISO 14001:2015 , ISO 45001:2018 , ISO 37001:2016 , ISO 9001:2015
A16: 5 | B16: PROCEDIMIENTO ESCRITO DE TRABAJO SEGURO PARA TRABAJO EN CALIENTE | E16: GSI | F16: PETS | G16: 005 | H16: 00 | I16: APROBADO | K16: SEGURIDAD Y SALUD EN EL TRABAJO | L16: (NOMBRE DE LA EMPRESA)\5. Gestión Seguridad y Salud | M16: SSOMA | N16: FÍSICO Y/O ELECTRÓNICO | O16: Carpeta compartida drive y/o archivador del proceso | P16: Todas las sedes | Q16: 3 AÑOS | R16: ISO 14001:2015 , ISO 45001:2018 , ISO 37001:2016 , ISO 9001:2015
A17: 6 | B17: PROCEDIMIENTO ESCRITO DE TRABAJO SEGURO PARA TRABAJO EN ESPACIO CONFINADO | E17: GSI | F17: PETS | G17: 006 | H17: 00 | I17: APROBADO | K17: SEGURIDAD Y SALUD EN EL TRABAJO | L17: (NOMBRE DE LA EMPRESA)\5. Gestión Seguridad y Salud | M17: SSOMA | N17: FÍSICO Y/O ELECTRÓNICO | O17: Carpeta compartida drive y/o archivador del proceso | P17: Todas las sedes | Q17: 3 AÑOS | R17: ISO 14001:2015 , ISO 45001:2018 , ISO 37001:2016 , ISO 9001:2015
A18: 7 | B18: PROCEDIMIENTO ESCRITO DE TRABAJO SEGURO DE MANIPULACION DE MATERIALES PELIGROSOS | E18: GSI | F18: PETS | G18: 007 | H18: 00 | I18: APROBADO | K18: SEGURIDAD Y SALUD EN EL TRABAJO | L18: (NOMBRE DE LA EMPRESA)\5. Gestión Seguridad y Salud | M18: SSOMA | N18: FÍSICO Y/O ELECTRÓNICO | O18: Carpeta compartida drive y/o archivador del proceso | P18: Todas las sedes | Q18: 3 AÑOS | R18: ISO 14001:2015 , ISO 45001:2018 , ISO 37001:2016 , ISO 9001:2015
A20: RESPONSABLE DE LA APROBACIÓN
A21: NOMBRES Y APELLIDOS
A22: CARGO
A23: FECHA
A24: FIRMA

Sheet PETAR
C1: SISTEMA INTEGRADO DE GESTIÓN | Q1: SIG-FO-001
C2: LISTA MAESTRA DE DOCUMENTOS | Q2: VERSIÓN: 00
A4: N° DE REGISTRO | C4: 1
A5: DATOS DEL EMPLEADOR
A6: RAZÓN SOCIAL O DENOMINACIÓN SOCIAL | E6: RUC | I6: DOMICILIO | N6: ACTIVIDAD ECONÓMICA | Q6: N° TRABAJ. CENTRO LABORAL
A7: ='DOCUMENTO INTERNO'!A7:D7 -> 0 | E7: ='DOCUMENTO INTERNO'!E7:H7 -> 0 | I7: ='DOCUMENTO INTERNO'!I7:M7 -> 0 | N7: ='DOCUMENTO INTERNO'!N7:P7 -> 0
A8: SEDE/PROYECTO
A9: PERÍODO | J9: FECHA DE ACTUALIZACIÓN
A11: N° | B11: NOMBRE DE DOCUMENTO | E11: SISTEMA | F11: TIPO DE DOCUMENTO | G11: NUMERACIÓN | H11: N° VERSIÓN | I11: ESTADO | J11: FECHA DE APROBACIÓN | K11: PROCESO | L11: DUEÑO DEL PROCESO | M11: ACCESO | N11: TIPO DE REGISTRO (FÍSICO, ELECTRÓNICO) | O11: ALMACENAMIENTO | P11: DISPOSICIÓN | Q11: CONSERVACIÓN | R11: CRITERIO
A12: 1 | B12: PERMISO ESCRITO DE TRABAJO DE ALTO RIESGO (PETAR) - IZAJE | E12: GSI | F12: PETAR | G12: 001 | H12: 00 | I12: APROBADO | K12: SEGURIDAD Y SALUD EN EL TRABAJO | L12: SSOMA | M12: (NOMBRE DE LA EMPRESA)\5. Gestión Seguridad y Salud | N12: FÍSICO Y/O ELECTRÓNICO | O12: Carpeta compartida drive y/o archivador del proceso | P12: Todas las sedes | Q12: 3 AÑOS | R12: ISO 14001:2015 , ISO 45001:2018 , ISO 37001:2016 , ISO 9001:2015
A13: 2 | B13: PERMISO ESCRITO DE TRABAJO DE ALTO RIESGO (PETAR) - ALTURA | E13: GSI | F13: PETAR | G13: 002 | H13: 00 | I13: APROBADO | K13: SEGURIDAD Y SALUD EN EL TRABAJO | L13: SSOMA | M13: (NOMBRE DE LA EMPRESA)\5. Gestión Seguridad y Salud | N13: FÍSICO Y/O ELECTRÓNICO | O13: Carpeta compartida drive y/o archivador del proceso | P13: Todas las sedes | Q13: 3 AÑOS | R13: ISO 14001:2015 , ISO 45001:2018 , ISO 37001:2016 , ISO 9001:2015
A14: 3 | B14: PERMISO ESCRITO DE TRABAJO DE ALTO RIESGO (PETAR) - ELÉCTRICO | E14: GSI | F14: PETAR | G14: 003 | H14: 00 | I14: APROBADO | K14: SEGURIDAD Y SALUD EN EL TRABAJO | L14: SSOMA | M14: (NOMBRE DE LA EMPRESA)\5. Gestión Seguridad y Salud | N14: FÍSICO Y/O ELECTRÓNICO | O14: Carpeta compartida drive y/o archivador del proceso | P14: Todas las sedes | Q14: 3 AÑOS | R14: ISO 14001:2015 , ISO 45001:2018 , ISO 37001:2016 , ISO 9001:2015
A15: 4 | B15: PERMISO ESCRITO DE TRABAJO DE ALTO RIESGO (PETAR) - DEMOLICIÓN EXCAVACIÓN | E15: GSI | F15: PETAR | G15: 004 | H15: 00 | I15: APROBADO | K15: SEGURIDAD Y SALUD EN EL TRABAJO | L15: SSOMA | M15: (NOMBRE DE LA EMPRESA)\5. Gestión Seguridad y Salud | N15: FÍSICO Y/O ELECTRÓNICO | O15: Carpeta compartida drive y/o archivador del proceso | P15: Todas las sedes | Q15: 3 AÑOS | R15: ISO 14001:2015 , ISO 45001:2018 , ISO 37001:2016 , ISO 9001:2015
A16: 5 | B16: PERMISO ESCRITO DE TRABAJO DE ALTO RIESGO (PETAR) - CALIENTE | E16: GSI | F16: PETAR | G16: 005 | H16: 00 | I16: APROBADO | K16: SEGURIDAD Y SALUD EN EL TRABAJO | L16: SSOMA | M16: (NOMBRE DE LA EMPRESA)\5. Gestión Seguridad y Salud | N16: FÍSICO Y/O ELECTRÓNICO | O16: Carpeta compartida drive y/o archivador del proceso | P16: Todas las sedes | Q16: 3 AÑOS | R16: ISO 14001:2015 , ISO 45001:2018 , ISO 37001:2016 , ISO 9001:2015
A17: 6 | B17: PERMISO ESCRITO DE TRABAJO DE ALTO RIESGO (PETAR) - ESPACIO CONFINADO | E17: GSI | F17: PETAR | G17: 006 | H17: 00 | I17: APROBADO | K17: SEGURIDAD Y SALUD EN EL TRABAJO | L17: SSOMA | M17: (NOMBRE DE LA EMPRESA)\5. Gestión Seguridad y Salud | N17: FÍSICO Y/O ELECTRÓNICO | O17: Carpeta compartida drive y/o archivador del proceso | P17: Todas las sedes | Q17: 3 AÑOS | R17: ISO 14001:2015 , ISO 45001:2018 , ISO 37001:2016 , ISO 9001:2015
A21: RESPONSABLE DE LA APROBACIÓN
A22: NOMBRES Y APELLIDOS
A23: CARGO
A24: FECHA
A25: FIRMA

Sheet REGLAMENTO
C1: SISTEMA INTEGRADO DE GESTIÓN | Q1: SIG-FO-001
C2: LISTA MAESTRA DE DOCUMENTOS | Q2: VERSIÓN: 00
A4: N° DE REGISTRO | C4: 1
A5: DATOS DEL EMPLEADOR
A6: RAZÓN SOCIAL O DENOMINACIÓN SOCIAL | E6: RUC | I6: DOMICILIO | N6: ACTIVIDAD ECONÓMICA | Q6: N° TRABAJ. CENTRO LABORAL
A7: ='DOCUMENTO INTERNO'!A7:D7 -> 0 | E7: ='DOCUMENTO INTERNO'!E7:H7 -> 0 | I7: ='DOCUMENTO INTERNO'!I7:M7 -> 0 | N7: ='DOCUMENTO INTERNO'!N7:P7 -> 0
A8: SEDE/PROYECTO
A9: PERÍODO | J9: FECHA DE ACTUALIZACIÓN
A10: =+MATRICES!$A$10 -> 0
A11: N° | B11: NOMBRE DE DOCUMENTO | E11: SISTEMA | F11: TIPO DE DOCUMENTO | G11: NUMERACIÓN | H11: N° VERSIÓN | I11: ESTADO | J11: FECHA DE APROBACIÓN | K11: PROCESO | L11: DUEÑO DEL PROCESO | M11: ACCESO | N11: TIPO DE REGISTRO (FÍSICO, ELECTRÓNICO) | O11: ALMACENAMIENTO | P11: DISPOSICIÓN | Q11: CONSERVACIÓN | R11: CRITERIO
A12: 1 | B12: REGLAMENTO INTERNO DE TRABAJO | E12: GSI | F12: RM | G12: 001 | H12: 00 | I12: APROBADO | K12: RECURSOS HUMANOS | L12: JEFE DE RRHH | M12: (NOMBRE DE LA EMPRESA)\Recursos Humanos | N12: FÍSICO Y/O ELECTRÓNICO | O12: Carpeta compartida drive y/o archivador del proceso | P12: Todas las sedes | Q12: 3 AÑOS | R12: ISO 14001:2015 , ISO 45001:2018 , ISO 37001:2016 , ISO 9001:2015
A13: 2 | B13: REGLAMENTO INTERNO DE SEGURIDAD Y SALUD EN EL TRABAJO | E13: GSI | F13: RM | G13: 001 | H13: 00 | I13: APROBADO | K13: SEGURIDAD Y SALUD EN EL TRABAJO | L13: SSOMA | M13: (NOMBRE DE LA EMPRESA)\5. Gestión Seguridad y Salud | N13: FÍSICO Y/O ELECTRÓNICO | O13: Carpeta compartida drive y/o archivador del proceso | P13: Todas las sedes | Q13: 3 AÑOS | R13: ISO 14001:2015 , ISO 45001:2018 , ISO 37001:2016 , ISO 9001:2015
A16: RESPONSABLE DE LA APROBACIÓN
A17: NOMBRES Y APELLIDOS
A18: CARGO
A19: FECHA
A20: FIRMA

Sheet PROCEDIMIENTOS
C1: SISTEMA INTEGRADO DE GESTIÓN | Q1: SIG-FO-001
C2: LISTA MAESTRA DE DOCUMENTOS | Q2: VERSIÓN: 00
A4: N° DE REGISTRO | C4: 1
A5: DATOS DEL EMPLEADOR
A6: RAZÓN SOCIAL O DENOMINACIÓN SOCIAL | E6: RUC | I6: DOMICILIO | N6: ACTIVIDAD ECONÓMICA | Q6: N° TRABAJ. CENTRO LABORAL
A7: ='DOCUMENTO INTERNO'!A7:D7 -> 0 | E7: ='DOCUMENTO INTERNO'!E7:H7 -> 0 | I7: ='DOCUMENTO INTERNO'!I7:M7 -> 0 | N7: ='DOCUMENTO INTERNO'!N7:P7 -> 0
A8: SEDE/PROYECTO
A9: PERÍODO | J9: FECHA DE ACTUALIZACIÓN
A11: N° | B11: NOMBRE DE DOCUMENTO | E11: SISTEMA | F11: TIPO DE DOCUMENTO | G11: NUMERACIÓN | H11: N° VERSIÓN | I11: ESTADO | J11: FECHA DE APROBACIÓN | K11: PROCESO | L11: DUEÑO DEL PROCESO | M11: ACCESO | N11: TIPO DE REGISTRO (FÍSICO, ELECTRÓNICO) | O11: ALMACENAMIENTO | P11: DISPOSICIÓN | Q11: CONSERVACIÓN | R11: CRITERIO
A12: 1 | B12: PROCEDIMIENTO DE CONTROL DE DOCUMENTOS Y REGISTROS | E12: GSI | F12: PR | G12: 001 | H12: 00 | I12: =_xlfn.CONCAT(B12," ",E12,"-",F12,"-",G12," Ver. ",H12," de fecha 7/07/2025") -> PROCEDIMIENTO DE CONTROL DE DOCUMENTOS Y REGISTROS GSI-PR-001 Ver. 00 de fecha 7/07/2025 | K12: SIG | L12: JEFE SIG | M12: (NOMBRE DE LA EMPRESA)\Procedimientos | N12: FÍSICO Y/O ELECTRÓNICO | O12: Carpeta compartida drive y/o archivador del proceso | P12: Todas las sedes | Q12: 3 AÑOS | R12: ISO 14001:2015 , ISO 45001:2018 , ISO 37001:2016 , ISO 9001:2015
A13: 2 | B13: PROCEDIMIENTO DE AUDITORÍAS | E13: GSI | F13: PR | G13: 002 | H13: 00 | I13: =_xlfn.CONCAT(B13," ",E13,"-",F13,"-",G13," Ver. ",H13," de fecha 7/07/2025") -> PROCEDIMIENTO DE AUDITORÍAS GSI-PR-002 Ver. 00 de fecha 7/07/2025 | K13: SIG | L13: JEFE SIG | M13: (NOMBRE DE LA EMPRESA)\Procedimientos | N13: FÍSICO Y/O ELECTRÓNICO | O13: Carpeta compartida drive y/o archivador del proceso | P13: Todas las sedes | Q13: 3 AÑOS | R13: ISO 14001:2015 , ISO 45001:2018 , ISO 37001:2016 , ISO 9001:2015
A14: 3 | B14: PROCEDIMIENTO DE ACCIONES CORRECTIVAS | E14: GSI | F14: PR | G14: 003 | H14: 00 | I14: =_xlfn.CONCAT(B14," ",E14,"-",F14,"-",G14," Ver. ",H14," de fecha 7/07/2025") -> PROCEDIMIENTO DE ACCIONES CORRECTIVAS GSI-PR-003 Ver. 00 de fecha 7/07/2025 | K14: SIG | L14: JEFE SIG | M14: (NOMBRE DE LA EMPRESA)\Procedimientos | N14: FÍSICO Y/O ELECTRÓNICO | O14: Carpeta compartida drive y/o archivador del proceso | P14: Todas las sedes | Q14: 3 AÑOS | R14: ISO 14001:2015 , ISO 45001:2018 , ISO 37001:2016 , ISO 9001:2015
A15: 4 | B15: PROCEDIMIENTO DE REVISIÓN POR LA DIRECCIÓN | E15: GSI | F15: PR | G15: 004 | H15: 00 | I15: =_xlfn.CONCAT(B15," ",E15,"-",F15,"-",G15," Ver. ",H15," de fecha 7/07/2025") -> PROCEDIMIENTO DE REVISIÓN POR LA DIRECCIÓN GSI-PR-004 Ver. 00 de fecha 7/07/2025 | K15: SIG | L15: JEFE SIG | M15: (NOMBRE DE LA EMPRESA)\Procedimientos | N15: FÍSICO Y/O ELECTRÓNICO | O15: Carpeta compartida drive y/o archivador del proceso | P15: Todas las sedes | Q15: 3 AÑOS | R15: ISO 14001:2015 , ISO 45001:2018 , ISO 37001:2016 , ISO 9001:2015
A16: 5 | B16: PROCEDIMIENTO DE RESPALDO DE LA INFORMACIÓN | E16: GSI | F16: PR | G16: 005 | H16: 00 | I16: =_xlfn.CONCAT(B16," ",E16,"-",F16,"-",G16," Ver. ",H16," de fecha 7/07/2025") -> PROCEDIMIENTO DE RESPALDO DE LA INFORMACIÓN GSI-PR-005 Ver. 00 de fecha 7/07/2025 | K16: SIG | L16: JEFE SIG | M16: (NOMBRE DE LA EMPRESA)\Procedimientos | N16: FÍSICO Y/O ELECTRÓNICO | O16: Carpeta compartida drive y/o archivador del proceso | P16: Todas las sedes | Q16: 3 AÑOS | R16: ISO 14001:2015 , ISO 45001:2018 , ISO 37001:2016 , ISO 9001:2015
A17: 6 | B17: PROCEDIMIENTO DE GESTIÓN DEL CAMBIO | E17: GSI | F17: PR | G17: 006 | H17: 00 | I17: =_xlfn.CONCAT(B17," ",E17,"-",F17,"-",G17," Ver. ",H17," de fecha 7/07/2025") -> PROCEDIMIENTO DE GESTIÓN DEL CAMBIO GSI-PR-006 Ver. 00 de fecha 7/07/2025 | K17: SIG | L17: JEFE SIG | M17: (NOMBRE DE LA EMPRESA)\Procedimientos | N17: FÍSICO Y/O ELECTRÓNICO | O17: Carpeta compartida drive y/o archivador del proceso | P17: Todas las sedes | Q17: 3 AÑOS | R17: ISO 14001:2015 , ISO 45001:2018 , ISO 37001:2016 , ISO 9001:2015
A18: 7 | B18: PROCEDIMIENTO DE INVESTIGACIÓN DE INCIDENTES, ACCIDENTES, ENFERMEDADES OCUPACIONALES Y EMERGENCIAS AMBIENTALES | E18: GSI | F18: PR | G18: 007 | H18: 00 | I18: =_xlfn.CONCAT(B18," ",E18,"-",F18,"-",G18," Ver. ",H18," de fecha 7/07/2025") -> PROCEDIMIENTO DE INVESTIGACIÓN DE INCIDENTES, ACCIDENTES, ENFERMEDADES OCUPACIONALES Y EMERGENCIAS AMBIENTALES GSI-PR-007 Ver. 00 de fecha 7/07/2025 | K18: SEGURIDAD Y SALUD EN EL TRABAJO | L18: SSOMA | M18: (NOMBRE DE LA EMPRESA)\5. Gestión Seguridad y Salud | N18: FÍSICO Y/O ELECTRÓNICO | O18: Carpeta compartida drive y/o archivador del proceso | P18: Todas las sedes | Q18: 3 AÑOS | R18: ISO 14001:2015 , ISO 45001:2018 , ISO 37001:2016 , ISO 9001:2015
A19: 8 | B19: PROCEDIMIENTO DE EJECUCIÓN DE COMPRAS Y MANEJO DE ALMACÉN | E19: GSI | F19: PR | G19: 008 | H19: 00 | I19: =_xlfn.CONCAT(B19," ",E19,"-",F19,"-",G19," Ver. ",H19," de fecha 7/07/2025") -> PROCEDIMIENTO DE EJECUCIÓN DE COMPRAS Y MANEJO DE ALMACÉN GSI-PR-008 Ver. 00 de fecha 7/07/2025 | K19: SIG | L19: JEFE SIG | M19: (NOMBRE DE LA EMPRESA)\1. SIG\RECRSOS HUMANOS | N19: FÍSICO Y/O ELECTRÓNICO | O19: Carpeta compartida drive y/o archivador del proceso | P19: Todas las sedes | Q19: 3 AÑOS | R19: ISO 14001:2015 , ISO 45001:2018 , ISO 37001:2016 , ISO 9001:2015
A20: 9 | B20: PROCEDIMIENTO DE RECURSOS HUMANOS | E20: GSI | F20: PR | G20: 009 | H20: 00 | I20: =_xlfn.CONCAT(B20," ",E20,"-",F20,"-",G20," Ver. ",H20," de fecha 7/07/2025") -> PROCEDIMIENTO DE RECURSOS HUMANOS GSI-PR-009 Ver. 00 de fecha 7/07/2025 | K20: SIG | L20: JEFE SIG | M20: (NOMBRE DE LA EMPRESA)\1. SIG\ADMINISTRACION Y FINANZAS | N20: FÍSICO Y/O ELECTRÓNICO | O20: Carpeta compartida drive y/o archivador del proceso | P20: Todas las sedes | Q20: 3 AÑOS | R20: ISO 14001:2015 , ISO 45001:2018 , ISO 37001:2016 , ISO 9001:2015
A21: 10 | B21: PROCEDIMIENTO DE ADMINISTRACION Y FINANZAS | E21: GSI | F21: PR | G21: 010 | H21: 00 | I21: =_xlfn.CONCAT(B21," ",E21,"-",F21,"-",G21," Ver. ",H21," de fecha 7/07/2025") -> PROCEDIMIENTO DE ADMINISTRACION Y FINANZAS GSI-PR-010 Ver. 00 de fecha 7/07/2025 | K21: SIG | L21: JEFE SIG | M21: (NOMBRE DE LA EMPRESA)\1. SIG\LOGISTICA | N21: FÍSICO Y/O ELECTRÓNICO | O21: Carpeta compartida drive y/o archivador del proceso | P21: Todas las sedes | Q21: 4 AÑOS | R21: ISO 14001:2015 , ISO 45001:2018 , ISO 37001:2016 , ISO 9001:2015
A22: 10 | B22: PROCEDIMIENTO DE SATISFACCION DEL CLIENTE | E22: GSI | F22: PR | G22: 011 | H22: 00 | I22: =_xlfn.CONCAT(B22," ",E22,"-",F22,"-",G22," Ver. ",H22," de fecha 7/07/2025") -> PROCEDIMIENTO DE SATISFACCION DEL CLIENTE GSI-PR-011 Ver. 00 de fecha 7/07/2025 | K22: SIG | L22: JEFE SIG | M22: (NOMBRE DE LA EMPRESA)\1. SIG\LOGISTICA | N22: FÍSICO Y/O ELECTRÓNICO | O22: Carpeta compartida drive y/o archivador del proceso | P22: Todas las sedes | Q22: 4 AÑOS | R22: ISO 14001:2015 , ISO 45001:2018 , ISO 37001:2016 , ISO 9001:2015
A23: 10 | B23: PROCEDIMIENTO DE IDENTIFICACIÓN DE PELIGROS, EVALUACIÓN DE RIESGOS Y DETERMINACIÓN DE CONTROLES | E23: GSI | F23: PR | G23: 001 | H23: 00 | I23: =_xlfn.CONCAT(B23," ",E23,"-",F23,"-",G23," Ver. ",H23," de fecha 7/07/2025") -> PROCEDIMIENTO DE IDENTIFICACIÓN DE PELIGROS, EVALUACIÓN DE RIESGOS Y DETERMINACIÓN DE CONTROLES GSI-PR-001 Ver. 00 de fecha 7/07/2025 | K23: SEGURIDAD Y SALUD EN EL TRABAJO | L23: SSOMA | M23: (NOMBRE DE LA EMPRESA)\5. Gestión Seguridad y Salud | N23: FÍSICO Y/O ELECTRÓNICO | O23: Carpeta compartida drive y/o archivador del proceso | P23: Todas las sedes | Q23: 3 AÑOS | R23: ISO 14001:2015 , ISO 45001:2018 , ISO 37001:2016 , ISO 9001:2015
... A27: 14 | B27: PROCEDIMIENTO DE IDENTIFICACIÓN DE ASPECTOS Y EVALUACIÓN DE IMPACTOS AMBIENTALES | E27: GSI | F27: PR | G27: 001 | H27: 00 | I27: =_xlfn.CONCAT(B27," ",E27,"-",F27,"-",G27," Ver. ",H27," de fecha 7/07/2025") -> PROCEDIMIENTO DE IDENTIFICACIÓN DE ASPECTOS Y EVALUACIÓN DE IMPACTOS AMBIENTALES GSI-PR-001 Ver. 00 de fecha 7/07/2025 | K27: SIG | L27: JEFE SIG | M27: (NOMBRE DE LA EMPRESA)\4. Gestion Ambiental | N27: FÍSICO Y/O ELECTRÓNICO | O27: Carpeta compartida drive y/o archivador del proceso | P27: Todas las sedes | Q27: 3 AÑOS | R27: ISO 14001:2015 , ISO 45001:2018 , ISO 37001:2016 , ISO 9001:2015
G29: RESPONSABLE DE LA APROBACIÓN
G30: NOMBRES Y APELLIDOS
G31: CARGO
G32: FECHA
G33: FIRMA

Sheet PROTOCOLOS
C1: SISTEMA INTEGRADO DE GESTIÓN | Q1: SIG-FO-001
C2: LISTA MAESTRA DE DOCUMENTOS | Q2: VERSIÓN: 00
A4: N° DE REGISTRO | C4: 1
A5: DATOS DEL EMPLEADOR
A6: RAZÓN SOCIAL O DENOMINACIÓN SOCIAL | E6: RUC | I6: DOMICILIO | N6: ACTIVIDAD ECONÓMICA | Q6: N° TRABAJ. CENTRO LABORAL
A7: ='DOCUMENTO INTERNO'!A7:D7 -> 0 | E7: ='DOCUMENTO INTERNO'!E7:H7 -> 0 | I7: ='DOCUMENTO INTERNO'!I7:M7 -> 0 | N7: ='DOCUMENTO INTERNO'!N7:P7 -> 0
A8: SEDE/PROYECTO
A9: PERÍODO | J9: FECHA DE ACTUALIZACIÓN
A11: N° | B11: NOMBRE DE DOCUMENTO | E11: SISTEMA | F11: TIPO DE DOCUMENTO | G11: NUMERACIÓN | H11: N° VERSIÓN | I11: ESTADO | J11: FECHA DE APROBACIÓN | K11: PROCESO | L11: DUEÑO DEL PROCESO | M11: ACCESO | N11: TIPO DE REGISTRO (FÍSICO, ELECTRÓNICO) | O11: ALMACENAMIENTO | P11: DISPOSICIÓN | Q11: CONSERVACIÓN | R11: CRITERIO
A12: 1 | B12: PROTOCOLO DE VERIFICACIÓN DE TRABAJOS DE ESTRUCTURAS | E12: GSI | F12: PROTO | G12: 001 | H12: 00 | I12: =_xlfn.CONCAT(B12," ",E12,"-",F12,"-",G12," Ver. ",H12," de fecha 7/07/2025") -> PROTOCOLO DE VERIFICACIÓN DE TRABAJOS DE ESTRUCTURAS GSI-PROTO-001 Ver. 00 de fecha 7/07/2025 | K12: JEFE SIG | M12: (NOMBRE DE LA EMPRESA)\9. GESTIÓN DE PROYECTOS \5. CALIDAD\1. PROTOCOLOS\FORMATOS | N12: FÍSICO Y/O ELECTRÓNICO | O12: Carpeta compartida drive y/o archivador del proceso | P12: Todas las sedes | Q12: 3 AÑOS | R12: ISO 14001:2015 , ISO 45001:2018 , ISO 37001:2016 , ISO 9001:2015
A13: 2 | B13: PROTOCOLO DE INSTALACIÓN DE AISLADORES | E13: GSI | F13: PROTO | G13: 002 | H13: 00 | I13: =_xlfn.CONCAT(B13," ",E13,"-",F13,"-",G13," Ver. ",H13," de fecha 7/07/2025") -> PROTOCOLO DE INSTALACIÓN DE AISLADORES GSI-PROTO-002 Ver. 00 de fecha 7/07/2025 | K13: JEFE SIG | M13: (NOMBRE DE LA EMPRESA)\9. GESTIÓN DE PROYECTOS \5. CALIDAD\1. PROTOCOLOS\FORMATOS | N13: FÍSICO Y/O ELECTRÓNICO | O13: Carpeta compartida drive y/o archivador del proceso | P13: Todas las sedes | Q13: 3 AÑOS | R13: ISO 14001:2015 , ISO 45001:2018 , ISO 37001:2016 , ISO 9001:2015
A14: 3 | B14: PROTOCOLO DE RETIRO DE PLACA DE AISLADORES | E14: GSI | F14: PROTO | G14: 003 | H14: 00 | I14: =_xlfn.CONCAT(B14," ",E14,"-",F14,"-",G14," Ver. ",H14," de fecha 7/07/2025") -> PROTOCOLO DE RETIRO DE PLACA DE AISLADORES GSI-PROTO-003 Ver. 00 de fecha 7/07/2025 | K14: JEFE SIG | M14: (NOMBRE DE LA EMPRESA)\9. GESTIÓN DE PROYECTOS \5. CALIDAD\1. PROTOCOLOS\FORMATOS | N14: FÍSICO Y/O ELECTRÓNICO | O14: Carpeta compartida drive y/o archivador del proceso | P14: Todas las sedes | Q14: 3 AÑOS | R14: ISO 14001:2015 , ISO 45001:2018 , ISO 37001:2016 , ISO 9001:2015
A15: 4 | B15: PROTOCOLO CALIDAD DE CONCRETO | E15: GSI | F15: PROTO | G15: 004 | H15: 00 | I15: =_xlfn.CONCAT(B15," ",E15,"-",F15,"-",G15," Ver. ",H15," de fecha 7/07/2025") -> PROTOCOLO CALIDAD DE CONCRETO GSI-PROTO-004 Ver. 00 de fecha 7/07/2025 | K15: JEFE SIG | M15: (NOMBRE DE LA EMPRESA)\9. GESTIÓN DE PROYECTOS \5. CALIDAD\1. PROTOCOLOS\FORMATOS | N15: FÍSICO Y/O ELECTRÓNICO | O15: Carpeta compartida drive y/o archivador del proceso | P15: Todas las sedes | Q15: 3 AÑOS | R15: ISO 14001:2015 , ISO 45001:2018 , ISO 37001:2016 , ISO 9001:2015
A16: 5 | B16: PROTOCOLO DE ENCONFRADO | E16: GSI | F16: PROTO | G16: 005 | H16: 00 | I16: =_xlfn.CONCAT(B16," ",E16,"-",F16,"-",G16," Ver. ",H16," de fecha 7/07/2025") -> PROTOCOLO DE ENCONFRADO GSI-PROTO-005 Ver. 00 de fecha 7/07/2025 | K16: JEFE SIG | M16: (NOMBRE DE LA EMPRESA)\9. GESTIÓN DE PROYECTOS \5. CALIDAD\1. PROTOCOLOS\FORMATOS | N16: FÍSICO Y/O ELECTRÓNICO | O16: Carpeta compartida drive y/o archivador del proceso | P16: Todas las sedes | Q16: 3 AÑOS | R16: ISO 14001:2015 , ISO 45001:2018 , ISO 37001:2016 , ISO 9001:2015
A17: 6 | B17: PROTOCOLO DE HABILITACIÓN DE ACERO | E17: GSI | F17: PROTO | G17: 006 | H17: 00 | I17: =_xlfn.CONCAT(B17," ",E17,"-",F17,"-",G17," Ver. ",H17," de fecha 7/07/2025") -> PROTOCOLO DE HABILITACIÓN DE ACERO GSI-PROTO-006 Ver. 00 de fecha 7/07/2025 | K17: JEFE SIG | M17: (NOMBRE DE LA EMPRESA)\9. GESTIÓN DE PROYECTOS \5. CALIDAD\1. PROTOCOLOS\FORMATOS | N17: FÍSICO Y/O ELECTRÓNICO | O17: Carpeta compartida drive y/o archivador del proceso | P17: Todas las sedes | Q17: 3 AÑOS | R17: ISO 14001:2015 , ISO 45001:2018 , ISO 37001:2016 , ISO 9001:2015
A18: 7 | B18: PROTOCOLO DE PINTADO DE ESTRUCTURAS | E18: GSI | F18: PROTO | G18: 007 | H18: 00 | I18: =_xlfn.CONCAT(B18," ",E18,"-",F18,"-",G18," Ver. ",H18," de fecha 7/07/2025") -> PROTOCOLO DE PINTADO DE ESTRUCTURAS GSI-PROTO-007 Ver. 00 de fecha 7/07/2025 | K18: JEFE SIG | M18: (NOMBRE DE LA EMPRESA)\9. GESTIÓN DE PROYECTOS \5. CALIDAD\1. PROTOCOLOS\FORMATOS | N18: FÍSICO Y/O ELECTRÓNICO | O18: Carpeta compartida drive y/o archivador del proceso | P18: Todas las sedes | Q18: 3 AÑOS | R18: ISO 14001:2015 , ISO 45001:2018 , ISO 37001:2016 , ISO 9001:2015
A19: 8 | B19: CONTROL DE VACIO DE CONTRAPISO | E19: GSI | F19: PROTO | G19: 008 | H19: 00 | I19: =_xlfn.CONCAT(B19," ",E19,"-",F19,"-",G19," Ver. ",H19," de fecha 7/07/2025") -> CONTROL DE VACIO DE CONTRAPISO GSI-PROTO-008 Ver. 00 de fecha 7/07/2025 | K19: JEFE SIG | M19: (NOMBRE DE LA EMPRESA)\9. GESTIÓN DE PROYECTOS \5. CALIDAD\1. PROTOCOLOS\FORMATOS | N19: FÍSICO Y/O ELECTRÓNICO | O19: Carpeta compartida drive y/o archivador del proceso | P19: Todas las sedes | Q19: 3 AÑOS | R19: ISO 14001:2015 , ISO 45001:2018 , ISO 37001:2016 , ISO 9001:2015
A20: 9 | B20: PROTOCOLO DE ALBAÑILERIA | E20: GSI | F20: PROTO | G20: 009 | H20: 00 | I20: =_xlfn.CONCAT(B20," ",E20,"-",F20,"-",G20," Ver. ",H20," de fecha 7/07/2025") -> PROTOCOLO DE ALBAÑILERIA GSI-PROTO-009 Ver. 00 de fecha 7/07/2025 | K20: JEFE SIG | M20: (NOMBRE DE LA EMPRESA)\9. GESTIÓN DE PROYECTOS \5. CALIDAD\1. PROTOCOLOS\FORMATOS | N20: FÍSICO Y/O ELECTRÓNICO | O20: Carpeta compartida drive y/o archivador del proceso | P20: Todas las sedes | Q20: 3 AÑOS | R20: ISO 14001:2015 , ISO 45001:2018 , ISO 37001:2016 , ISO 9001:2015
A21: 10 | B21: INSPECCIÓN DE TARRAJEOS Y DERRAMES | E21: GSI | F21: PROTO | G21: 010 | H21: 00 | I21: =_xlfn.CONCAT(B21," ",E21,"-",F21,"-",G21," Ver. ",H21," de fecha 7/07/2025") -> INSPECCIÓN DE TARRAJEOS Y DERRAMES GSI-PROTO-010 Ver. 00 de fecha 7/07/2025 | K21: JEFE SIG | M21: (NOMBRE DE LA EMPRESA)\9. GESTIÓN DE PROYECTOS \5. CALIDAD\1. PROTOCOLOS\FORMATOS | N21: FÍSICO Y/O ELECTRÓNICO | O21: Carpeta compartida drive y/o archivador del proceso | P21: Todas las sedes | Q21: 3 AÑOS | R21: ISO 14001:2015 , ISO 45001:2018 , ISO 37001:2016 , ISO 9001:2015
A22: 10 | B22: PROTOCOLO DE PINTURA | E22: GSI | F22: PROTO | G22: 011 | H22: 00 | I22: =_xlfn.CONCAT(B22," ",E22,"-",F22,"-",G22," Ver. ",H22," de fecha 7/07/2025") -> PROTOCOLO DE PINTURA GSI-PROTO-011 Ver. 00 de fecha 7/07/2025 | K22: JEFE SIG | M22: (NOMBRE DE LA EMPRESA)\9. GESTIÓN DE PROYECTOS \5. CALIDAD\1. PROTOCOLOS\FORMATOS | N22: FÍSICO Y/O ELECTRÓNICO | O22: Carpeta compartida drive y/o archivador del proceso | P22: Todas las sedes | Q22: 3 AÑOS | R22: ISO 14001:2015 , ISO 45001:2018 , ISO 37001:2016 , ISO 9001:2015
A23: 11 | B23: TABIQUERIA DRYWAL | E23: GSI | F23: PROTO | G23: 012 | H23: 00 | I23: =_xlfn.CONCAT(B23," ",E23,"-",F23,"-",G23," Ver. ",H23," de fecha 7/07/2025") -> TABIQUERIA DRYWAL GSI-PROTO-012 Ver. 00 de fecha 7/07/2025 | K23: JEFE SIG | M23: (NOMBRE DE LA EMPRESA)\9. GESTIÓN DE PROYECTOS \5. CALIDAD\1. PROTOCOLOS\FORMATOS | N23: FÍSICO Y/O ELECTRÓNICO | O23: Carpeta compartida drive y/o archivador del proceso | P23: Todas las sedes | Q23: 3 AÑOS | R23: ISO 14001:2015 , ISO 45001:2018 , ISO 37001:2016 , ISO 9001:2015
... A57: 46 | B57: PROTOCOLO DE CONFORMACIÓN DE SUB BASE | E57: GSI | F57: PROTO | G57: 012 | H57: 00 | I57: =_xlfn.CONCAT(B57," ",E57,"-",F57,"-",G57," Ver. ",H57," de fecha 7/07/2025") -> PROTOCOLO DE CONFORMACIÓN DE SUB BASE GSI-PROTO-012 Ver. 00 de fecha 7/07/2025 | K57: GESTIÓN DE CALIDAD | M57: (NOMBRE DE LA EMPRESA)\9. GESTIÓN DE PROYECTOS \5. CALIDAD\1. PROTOCOLOS\FORMATOS | N57: FÍSICO Y/O ELECTRÓNICO | O57: Carpeta compartida drive y/o archivador del proceso | P57: Todas las sedes | Q57: 3 AÑOS | R57: ISO 14001:2015 , ISO 45001:2018 , ISO 37001:2016 , ISO 9001:2015
D69: RESPONSABLE DE LA APROBACIÓN
D70: NOMBRES Y APELLIDOS
D71: CARGO
D72: FECHA
D73: FIRMA

Sheet DOC EXTERNOS
C1: SISTEMA INTEGRADO DE GESTIÓN | O1: SIG-FO-001
C2: LISTA MAESTRA DE DOCUMENTOS | O2: VERSIÓN: 00
A4: N° DE REGISTRO | C4: 1
A5: DATOS DEL EMPLEADOR
A6: RAZÓN SOCIAL O DENOMINACIÓN SOCIAL | E6: RUC | I6: DOMICILIO | N6: ACTIVIDAD ECONÓMICA | Q6: N° TRABAJ. CENTRO LABORAL
A7: =PROCEDIMIENTOS!A7 -> 0 | E7: =PROCEDIMIENTOS!E7 -> 0 | I7: =PROCEDIMIENTOS!I7 -> 0 | N7: =PROCEDIMIENTOS!N7 -> 0
A8: SEDE/PROYECTO
A9: PERÍODO | I9: FECHA DE ACTUALIZACIÓN
A11: N° | B11: NOMBRE DE DOCUMENTO | D11: SISTEMA | E11: TIPO DE DOCUMENTO | F11: NUMERACIÓN | G11: N° VERSIÓN/ REVISIÓN | H11: ESTADO | I11: FECHA DE APROBACIÓN | J11: PROCESO | K11: DUEÑO DEL PROCESO | L11: ACCESO | M11: TIPO DE REGISTRO (FÍSICO, ELECTRÓNICO) | N11: ALMACENAMIENTO | O11: DISPOSICIÓN | P11: CONSERVACIÓN | Q11: CRITERIO
A12: 1 | B12: ISO 14001: 2015 | D12: GSI | E12: EXTERNO | F12: - | G12: 2015 | H12: - | J12: Jefe SIG | K12: Jefe SIG | L12: \SIG/CONTROL DE DOC/DOC EXTERNOS | M12: FÍSICO Y/O ELECTRÓNICO | N12: Carpeta compartida drive | O12: Todas las sedes | P12: 3 AÑOS | Q12: ISO 14001:2015 , ISO 45001:2018 , ISO 37001:2016 , ISO 9001:2015
A13: 2 | B13: ISO 45001: 2018 | D13: GSI | E13: EXTERNO | F13: - | G13: 2018 | H13: - | J13: Jefe SIG | K13: Jefe SIG | L13: \SIG/CONTROL DE DOC/DOC EXTERNOS | M13: FÍSICO Y/O ELECTRÓNICO | N13: Carpeta compartida drive | O13: Todas las sedes | P13: 3 AÑOS | Q13: ISO 14001:2015 , ISO 45001:2018 , ISO 37001:2016 , ISO 9001:2015
A14: =1+A13 -> 3 | B14: ISO 37001:2016 | D14: GSI | E14: EXTERNO | F14: - | G14: 2016 | H14: - | J14: Jefe SIG | K14: Jefe SIG | L14: \SIG/CONTROL DE DOC/DOC EXTERNOS | M14: FÍSICO Y/O ELECTRÓNICO | N14: Carpeta compartida drive | O14: Todas las sedes | P14: 3 AÑOS | Q14: ISO 14001:2015 , ISO 45001:2018 , ISO 37001:2016 , ISO 9001:2015
A15: =1+A14 -> 4 | B15: Ley 29783 de Seguridad y Salud en el Trabajo | D15: GSI | E15: EXTERNO | F15: - | G15: 2016 | H15: - | J15: Jefe SIG | K15: Jefe SIG | L15: \SIG/CONTROL DE DOC/DOC EXTERNOS | M15: FÍSICO Y/O ELECTRÓNICO | N15: Carpeta compartida drive | O15: Todas las sedes | P15: 3 AÑOS | Q15: ISO 14001:2015 , ISO 45001:2018 , ISO 37001:2016 , ISO 9001:2015
A16: =1+A15 -> 5 | B16: Ley 30424 | D16: GSI | E16: EXTERNO | F16: - | G16: 2017 | H16: - | J16: Jefe SIG | K16: Jefe SIG | L16: \SIG/CONTROL DE DOC/DOC EXTERNOS | M16: FÍSICO Y/O ELECTRÓNICO | N16: Carpeta compartida drive | O16: Todas las sedes | P16: 3 AÑOS | Q16: ISO 14001:2015 , ISO 45001:2018 , ISO 37001:2016 , ISO 9001:2015
A17: =1+A16 -> 6 | B17: D.S. 002-2019-JUS | D17: GSI | E17: EXTERNO | F17: - | G17: 2019 | H17: - | J17: Jefe SIG | K17: Jefe SIG | L17: \SIG/CONTROL DE DOC/DOC EXTERNOS | M17: FÍSICO Y/O ELECTRÓNICO | N17: Carpeta compartida drive | O17: Todas las sedes | P17: 3 AÑOS | Q17: ISO 14001:2015 , ISO 45001:2018 , ISO 37001:2016 , ISO 9001:2015
A18: =1+A17 -> 7 | B18: D.L. 1385 | D18: GSI | E18: EXTERNO | F18: - | G18: 2018 | H18: - | J18: Jefe SIG | K18: Jefe SIG | L18: \SIG/CONTROL DE DOC/DOC EXTERNOS | M18: FÍSICO Y/O ELECTRÓNICO | N18: Carpeta compartida drive | O18: Todas las sedes | P18: 3 AÑOS | Q18: ISO 14001:2015 , ISO 45001:2018 , ISO 37001:2016 , ISO 9001:2015
A19: =1+A18 -> 8 | B19: Ley 30424. "LEY QUE REGULA LA RESPONSABILIDAD ADMINISTRATIVA DE LAS PERSONAS JURÍDICAS POR EL DELITO DE COHECHO ACTIVO TRANSNACIONAL" | D19: GSI | E19: EXTERNO | F19: - | G19: 2017 | H19: - | J19: Jefe SIG | K19: Jefe SIG | L19: \SIG/CONTROL DE DOC/DOC EXTERNOS | M19: FÍSICO Y/O ELECTRÓNICO | N19: Carpeta compartida drive | O19: Todas las sedes | P19: 3 AÑOS | Q19: ISO 14001:2015 , ISO 45001:2018 , ISO 37001:2016 , ISO 9001:2015
A20: =1+A19 -> 9 | B20: D.S. 002-2019-JUS. "Reglamento de la Ley N° 30424, Ley que regula la Responsabilidad Administrativa de las Personas Jurídicas" | D20: GSI | E20: EXTERNO | F20: - | G20: 2019 | H20: - | J20: Jefe SIG | K20: Jefe SIG | L20: \SIG/CONTROL DE DOC/DOC EXTERNOS | M20: FÍSICO Y/O ELECTRÓNICO | N20: Carpeta compartida drive | O20: Todas las sedes | P20: 3 AÑOS | Q20: ISO 14001:2015 , ISO 45001:2018 , ISO 37001:2016 , ISO 9001:2015
A21: =1+A20 -> 10 | B21: D.L. 1385 "DECRETO LEGISLATIVO QUE SANCIONA LA CORRUPCIÓN EN EL ÁMBITO PRIVADO" | D21: GSI | E21: EXTERNO | F21: - | G21: 2018 | H21: - | J21: Jefe SIG | K21: Jefe SIG | L21: \SIG/CONTROL DE DOC/DOC EXTERNOS | M21: FÍSICO Y/O ELECTRÓNICO | N21: Carpeta compartida drive | O21: Todas las sedes | P21: 3 AÑOS | Q21: ISO 14001:2015 , ISO 45001:2018 , ISO 37001:2016 , ISO 9001:2015
A22: =1+A21 -> 11 | B22: D.L. 1352 "DECRETO LEGISLATIVO QUE AMPLIA LA RESPONSABILIDAD ADMINISTRATIVA DE LAS PERSONAS JURÍDICAS" | D22: GSI | E22: EXTERNO | F22: - | G22: 2017 | H22: - | J22: Jefe SIG | K22: Jefe SIG | L22: \SIG/CONTROL DE DOC/DOC EXTERNOS | M22: FÍSICO Y/O ELECTRÓNICO | N22: Carpeta compartida drive | O22: Todas las sedes | P22: 3 AÑOS | Q22: ISO 14001:2015 , ISO 45001:2018 , ISO 37001:2016 , ISO 9001:2015
A23: =1+A22 -> 12 | B23: D.L. 1327. "DECRETO LEGISLATIVO QUE ESTABLECE MEDIDAS DE PROTECCIÓN PARA EL DENUNCIANTE DE ACTOS DE CORRUPCIÓN Y SANCIONA LAS DENUNCIAS REALIZADAS DE MALA FE" | D23: GSI | E23: EXTERNO | F23: - | G23: 2017 | H23: - | J23: Jefe SIG | K23: Jefe SIG | L23: \SIG/CONTROL DE DOC/DOC EXTERNOS | M23: FÍSICO Y/O ELECTRÓNICO | N23: Carpeta compartida drive | O23: Todas las sedes | P23: 3 AÑOS | Q23: ISO 14001:2015 , ISO 45001:2018 , ISO 37001:2016 , ISO 9001:2015
A24: =1+A23 -> 13 | B24: Código CIVIL | D24: GSI | E24: EXTERNO | F24: - | G24: 2015 | H24: - | J24: Jefe SIG | K24: Jefe SIG | L24: \SIG/CONTROL DE DOC/DOC EXTERNOS | M24: FÍSICO Y/O ELECTRÓNICO | N24: Carpeta compartida drive | O24: Todas las sedes | P24: 3 AÑOS | Q24: ISO 14001:2015 , ISO 45001:2018 , ISO 37001:2016 , ISO 9001:2015
A25: =1+A24 -> 14 | B25: ISO 19011:2018 | D25: GSI | E25: EXTERNO | F25: - | G25: 2018 | H25: - | J25: Jefe SIG | K25: Jefe SIG | L25: \SIG/CONTROL DE DOC/DOC EXTERNOS | M25: FÍSICO Y/O ELECTRÓNICO | N25: Carpeta compartida drive | O25: Todas las sedes | P25: 3 AÑOS | Q25: ISO 14001:2015 , ISO 45001:2018 , ISO 37001:2016 , ISO 9001:2015
A26: =1+A25 -> 15 | B26: Ley 27345 Ley de promoción del Uso Eficiente de la Energía | D26: GSI | E26: EXTERNO | F26: - | G26: 2000 | H26: - | J26: Jefe SIG | K26: Jefe SIG | L26: \SIG/CONTROL DE DOC/DOC EXTERNOS | M26: FÍSICO Y/O ELECTRÓNICO | N26: Carpeta compartida drive | O26: Todas las sedes | P26: 3 AÑOS | Q26: ISO 14001:2015 , ISO 45001:2018 , ISO 37001:2016 , ISO 9001:2015
... A28: =1+A27 -> 17 | B28: Examenes Médicos | D28: GSI | E28: EXTERNO | F28: - | G28: 2020 | H28: - | J28: RRHH/SSOMA | K28: Jefe SSOMA | L28: \ISOS/ISO45001/SALUD OCUPACIONAL | M28: FÍSICO Y/O ELECTRÓNICO | N28: Carpeta compartida drive y/o archivador del proceso | O28: Todas las sedes | P28: 20 años | Q28: ISO 14001:2015 , ISO 45001:2018 , ISO 37001:2016 , ISO 9001:2015
A29: =1+A28 -> 18 | B29: HOJA MSDS | D29: GSI | E29: EXTERNO | F29: - | G29: - | H29: . | J29: SSOMA/Responsable de Almacen | K29: Jefe SSOMA | L29: \G.LOGÍSTICA | M29: FÍSICO Y/O ELECTRÓNICO | N29: Carpeta compartida drive y/o archivador del proceso | O29: Todas las sedes | P29: 3 años | Q29: ISO 14001:2015 , ISO 45001:2018 , ISO 37001:2016 , ISO 9001:2015
A30: =1+A29 -> 19 | B30: FACTURAS | D30: GSI | E30: EXTERNO | F30: - | G30: 2020 | H30: - | J30: Responsable de Logistica/ finanzas | K30: Jefe de Logistica | L30: \G.LOGÍSTICA | M30: FÍSICO Y/O ELECTRÓNICO | N30: Carpeta compartida drive y/o archivador del proceso | O30: Todas las sedes | P30: 6 años | Q30: ISO 14001:2015 , ISO 45001:2018 , ISO 37001:2016 , ISO 9001:2015
A31: =1+A30 -> 20 | B31: DECLARACIÓN DE AFP Y ONP | D31: GSI | E31: EXTERNO | F31: - | G31: 2020 | H31: - | J31: Jefe de RRHH | K31: Jefe de RRHH | L31: \G.RRHH | M31: FÍSICO Y/O ELECTRÓNICO | N31: Carpeta compartida drive y/o archivador del proceso | O31: Todas las sedes | P31: 3 años | Q31: ISO 14001:2015 , ISO 45001:2018 , ISO 37001:2016 , ISO 9001:2015
A32: =1+A31 -> 21 | B32: FICHAS TÉCNICAS | D32: GSI | E32: EXTERNO | F32: - | G32: 2020 | H32: - | J32: Jefe de Logistica | K32: Jefe de Logistica | L32: \G.LOGÍSTICA | M32: FÍSICO Y/O ELECTRÓNICO | N32: Carpeta compartida drive y/o archivador del proceso | O32: Todas las sedes | P32: 3 años | Q32: ISO 14001:2015 , ISO 45001:2018 , ISO 37001:2016 , ISO 9001:2015
A41: RESPONSABLE DE LA APROBACIÓN
A42: NOMBRES Y APELLIDOS
A43: CARGO
A44: CARGO
A45: CARGO
